Model,Accuracy,Precision,Recall,F1
Logistic Regression,0.8568347710683477,0.7531746031746032,0.6322451698867422,0.687432089822528
Decision Tree,0.8566688785666888,0.7312999273783588,0.6708860759493671,0.6997915218902016
Random Forest,0.8531851360318513,0.7343987823439878,0.64290473017988,0.6856127886323268
XGBoost,0.8697743861977438,0.7732824427480917,0.6748834110592938,0.72073995019566
